,dimension,eigenValues,cumulativeEigVals
0,[ 1  2  3  4  5  6  7  8  9 10 11 12 13 14],"[0.47713095 0.1245501  0.08315252 0.06470541 0.05811566 0.04318038
 0.04153084 0.02784274 0.02524348 0.02061564 0.01592507 0.00863827
 0.00562067 0.00374846]","[0.4771309494972229, 0.6016810536384583, 0.6848335713148117, 0.7495389804244041, 0.8076546378433704, 0.8508350178599358, 0.8923658579587936, 0.9202085994184017, 0.9454520829021931, 0.9660677202045918, 0.9819927867501974, 0.9906310616061091, 0.9962517293170094, 1.000000192085281]"
